[
    {
        "name": "bitpay/php-client",
        "version": "v2.2.20",
        "version_normalized": "2.2.20.0",
        "source": {
            "type": "git",
            "url": "https://github.com/bitpay/php-bitpay-client.git",
            "reference": "d6d14318950ad0bc02f8701a671aec1e234313e8"
        },
        "dist": {
            "type": "zip",
            "url": "https://api.github.com/repos/bitpay/php-bitpay-client/zipball/d6d14318950ad0bc02f8701a671aec1e234313e8",
            "reference": "d6d14318950ad0bc02f8701a671aec1e234313e8",
            "shasum": ""
        },
        "require": {
            "ext-bcmath": "*",
            "ext-curl": "*",
            "ext-json": "*",
            "ext-openssl": "*",
            "php": ">=5.4",
            "symfony/config": "^2.3 || ^3.0",
            "symfony/dependency-injection": "^2.3 || ^3.0"
        },
        "require-dev": {
            "behat/behat": "2.5.*@stable",
            "behat/mink": "1.6.1",
            "behat/mink-extension": "1.3.*",
            "behat/mink-goutte-driver": "1.*",
            "behat/mink-selenium2-driver": "1.2.0",
            "fabpot/goutte": "~1.0.4",
            "fzaninotto/faker": "~1.4.0",
            "mikey179/vfsstream": "~1.4.0",
            "phpmd/phpmd": "~2.1.3",
            "phpunit/phpunit": "~4.3.1",
            "satooshi/php-coveralls": "~0.6.1",
            "squizlabs/php_codesniffer": "~1.5.5"
        },
        "suggest": {
            "ext-gmp": "Quickest PHP math extension for doing computationally-expensive work."
        },
        "time": "2018-03-28T10:30:37+00:00",
        "type": "library",
        "extra": {
            "branch-alias": {
                "dev-master": "2.2.x-dev"
            }
        },
        "installation-source": "dist",
        "autoload": {
            "psr-4": {
                "": "src/"
            }
        },
        "notification-url": "https://packagist.org/downloads/",
        "license": [
            "MIT"
        ],
        "authors": [
            {
                "name": "BitPay Integrations Development Team",
                "email": "integrations@bitpay.com",
                "homepage": "https://bitpay.com/integrations"
            }
        ],
        "description": "PHP Library to work with the new cryptographically secure BitPay API",
        "homepage": "https://github.com/bitpay/php-bitpay-client",
        "keywords": [
            "bitcoin",
            "bitpay"
        ]
    },
    {
        "name": "psr/container",
        "version": "1.0.0",
        "version_normalized": "1.0.0.0",
        "source": {
            "type": "git",
            "url": "https://github.com/php-fig/container.git",
            "reference": "b7ce3b176482dbbc1245ebf52b181af44c2cf55f"
        },
        "dist": {
            "type": "zip",
            "url": "https://api.github.com/repos/php-fig/container/zipball/b7ce3b176482dbbc1245ebf52b181af44c2cf55f",
            "reference": "b7ce3b176482dbbc1245ebf52b181af44c2cf55f",
            "shasum": ""
        },
        "require": {
            "php": ">=5.3.0"
        },
        "time": "2017-02-14T16:28:37+00:00",
        "type": "library",
        "extra": {
            "branch-alias": {
                "dev-master": "1.0.x-dev"
            }
        },
        "installation-source": "dist",
        "autoload": {
            "psr-4": {
                "Psr\\Container\\": "src/"
            }
        },
        "notification-url": "https://packagist.org/downloads/",
        "license": [
            "MIT"
        ],
        "authors": [
            {
                "name": "PHP-FIG",
                "homepage": "http://www.php-fig.org/"
            }
        ],
        "description": "Common Container Interface (PHP FIG PSR-11)",
        "homepage": "https://github.com/php-fig/container",
        "keywords": [
            "PSR-11",
            "container",
            "container-interface",
            "container-interop",
            "psr"
        ]
    },
    {
        "name": "symfony/config",
        "version": "v3.4.23",
        "version_normalized": "3.4.23.0",
        "source": {
            "type": "git",
            "url": "https://github.com/symfony/config.git",
            "reference": "177a276c01575253c95cefe0866e3d1b57637fe0"
        },
        "dist": {
            "type": "zip",
            "url": "https://api.github.com/repos/symfony/config/zipball/177a276c01575253c95cefe0866e3d1b57637fe0",
            "reference": "177a276c01575253c95cefe0866e3d1b57637fe0",
            "shasum": ""
        },
        "require": {
            "php": "^5.5.9|>=7.0.8",
            "symfony/filesystem": "~2.8|~3.0|~4.0",
            "symfony/polyfill-ctype": "~1.8"
        },
        "conflict": {
            "symfony/dependency-injection": "<3.3",
            "symfony/finder": "<3.3"
        },
        "require-dev": {
            "symfony/dependency-injection": "~3.3|~4.0",
            "symfony/event-dispatcher": "~3.3|~4.0",
            "symfony/finder": "~3.3|~4.0",
            "symfony/yaml": "~3.0|~4.0"
        },
        "suggest": {
            "symfony/yaml": "To use the yaml reference dumper"
        },
        "time": "2019-02-23T15:06:07+00:00",
        "type": "library",
        "extra": {
            "branch-alias": {
                "dev-master": "3.4-dev"
            }
        },
        "installation-source": "dist",
        "autoload": {
            "psr-4": {
                "Symfony\\Component\\Config\\": ""
            },
            "exclude-from-classmap": [
                "/Tests/"
            ]
        },
        "notification-url": "https://packagist.org/downloads/",
        "license": [
            "MIT"
        ],
        "authors": [
            {
                "name": "Fabien Potencier",
                "email": "fabien@symfony.com"
            },
            {
                "name": "Symfony Community",
                "homepage": "https://symfony.com/contributors"
            }
        ],
        "description": "Symfony Config Component",
        "homepage": "https://symfony.com"
    },
    {
        "name": "symfony/dependency-injection",
        "version": "v3.4.23",
        "version_normalized": "3.4.23.0",
        "source": {
            "type": "git",
            "url": "https://github.com/symfony/dependency-injection.git",
            "reference": "c3dd7b7ea8cd8ec12304a5e222d7dc01cac8fa11"
        },
        "dist": {
            "type": "zip",
            "url": "https://api.github.com/repos/symfony/dependency-injection/zipball/c3dd7b7ea8cd8ec12304a5e222d7dc01cac8fa11",
            "reference": "c3dd7b7ea8cd8ec12304a5e222d7dc01cac8fa11",
            "shasum": ""
        },
        "require": {
            "php": "^5.5.9|>=7.0.8",
            "psr/container": "^1.0"
        },
        "conflict": {
            "symfony/config": "<3.3.7",
            "symfony/finder": "<3.3",
            "symfony/proxy-manager-bridge": "<3.4",
            "symfony/yaml": "<3.4"
        },
        "provide": {
            "psr/container-implementation": "1.0"
        },
        "require-dev": {
            "symfony/config": "~3.3|~4.0",
            "symfony/expression-language": "~2.8|~3.0|~4.0",
            "symfony/yaml": "~3.4|~4.0"
        },
        "suggest": {
            "symfony/config": "",
            "symfony/expression-language": "For using expressions in service container configuration",
            "symfony/finder": "For using double-star glob patterns or when GLOB_BRACE portability is required",
            "symfony/proxy-manager-bridge": "Generate service proxies to lazy load them",
            "symfony/yaml": ""
        },
        "time": "2019-02-23T15:06:07+00:00",
        "type": "library",
        "extra": {
            "branch-alias": {
                "dev-master": "3.4-dev"
            }
        },
        "installation-source": "dist",
        "autoload": {
            "psr-4": {
                "Symfony\\Component\\DependencyInjection\\": ""
            },
            "exclude-from-classmap": [
                "/Tests/"
            ]
        },
        "notification-url": "https://packagist.org/downloads/",
        "license": [
            "MIT"
        ],
        "authors": [
            {
                "name": "Fabien Potencier",
                "email": "fabien@symfony.com"
            },
            {
                "name": "Symfony Community",
                "homepage": "https://symfony.com/contributors"
            }
        ],
        "description": "Symfony DependencyInjection Component",
        "homepage": "https://symfony.com"
    },
    {
        "name": "symfony/filesystem",
        "version": "v4.2.4",
        "version_normalized": "4.2.4.0",
        "source": {
            "type": "git",
            "url": "https://github.com/symfony/filesystem.git",
            "reference": "e16b9e471703b2c60b95f14d31c1239f68f11601"
        },
        "dist": {
            "type": "zip",
            "url": "https://api.github.com/repos/symfony/filesystem/zipball/e16b9e471703b2c60b95f14d31c1239f68f11601",
            "reference": "e16b9e471703b2c60b95f14d31c1239f68f11601",
            "shasum": ""
        },
        "require": {
            "php": "^7.1.3",
            "symfony/polyfill-ctype": "~1.8"
        },
        "time": "2019-02-07T11:40:08+00:00",
        "type": "library",
        "extra": {
            "branch-alias": {
                "dev-master": "4.2-dev"
            }
        },
        "installation-source": "dist",
        "autoload": {
            "psr-4": {
                "Symfony\\Component\\Filesystem\\": ""
            },
            "exclude-from-classmap": [
                "/Tests/"
            ]
        },
        "notification-url": "https://packagist.org/downloads/",
        "license": [
            "MIT"
        ],
        "authors": [
            {
                "name": "Fabien Potencier",
                "email": "fabien@symfony.com"
            },
            {
                "name": "Symfony Community",
                "homepage": "https://symfony.com/contributors"
            }
        ],
        "description": "Symfony Filesystem Component",
        "homepage": "https://symfony.com"
    },
    {
        "name": "symfony/polyfill-ctype",
        "version": "v1.10.0",
        "version_normalized": "1.10.0.0",
        "source": {
            "type": "git",
            "url": "https://github.com/symfony/polyfill-ctype.git",
            "reference": "e3d826245268269cd66f8326bd8bc066687b4a19"
        },
        "dist": {
            "type": "zip",
            "url": "https://api.github.com/repos/symfony/polyfill-ctype/zipball/e3d826245268269cd66f8326bd8bc066687b4a19",
            "reference": "e3d826245268269cd66f8326bd8bc066687b4a19",
            "shasum": ""
        },
        "require": {
            "php": ">=5.3.3"
        },
        "suggest": {
            "ext-ctype": "For best performance"
        },
        "time": "2018-08-06T14:22:27+00:00",
        "type": "library",
        "extra": {
            "branch-alias": {
                "dev-master": "1.9-dev"
            }
        },
        "installation-source": "dist",
        "autoload": {
            "psr-4": {
                "Symfony\\Polyfill\\Ctype\\": ""
            },
            "files": [
                "bootstrap.php"
            ]
        },
        "notification-url": "https://packagist.org/downloads/",
        "license": [
            "MIT"
        ],
        "authors": [
            {
                "name": "Symfony Community",
                "homepage": "https://symfony.com/contributors"
            },
            {
                "name": "Gert de Pagter",
                "email": "BackEndTea@gmail.com"
            }
        ],
        "description": "Symfony polyfill for ctype functions",
        "homepage": "https://symfony.com",
        "keywords": [
            "compatibility",
            "ctype",
            "polyfill",
            "portable"
        ]
    }
]
